{
    "notFound": {
        "en": "Page not found",
        "ru": "Страница не найдена",
        "ar": "الصفحة غير موجودة"
    },
    "landing": {
        "text1": {
            "en": "Test text",
            "ru": "Проект BHC - это текст текст текст текст текст текст текст текст текст It is a long established fact that a reader will be distracted by the readable content of a page when looking at its layout. The point of using Lorem Ipsum is that it has a more-or-less normal distribution of letters, as opposed to using 'Content here, content here', making it look like readable English.",
            "ar": "tetesdasd"
        },
        "text2": {
            "en": "Test text 2",
            "ru": "Many desktop publishing packages and web page editors now use Lorem Ipsum as their default model text, and a search for 'lorem ipsum' will uncover many web sites still in their infancy. Various versions have evolved over the years, sometimes by accident, sometimes on purpose (injected humour and the like).",
            "ar": "tetesdasd 2"
        }
    },
    "buttons": {
        "connectButton": {
            "en": "Connect wallet",
            "ru": "Подключить кошелек",
            "ar": "ربط المحفظة"
        }
    },
    "leftSidebar": {
        "staking": {
            "en": "Staking",
            "ru": "Стейкинг",
            "ar": "Staking"
        },
        "free": {
            "en": "Free tokens",
            "ru": "Свободные токены",
            "ar": "الرموز المجانية"
        },
        "help": {
            "en": "Help",
            "ru": "Помощь",
            "ar": "مساعدة"
        },
        "admin": {
            "en": "Admin",
            "ru": "Админ",
            "ar": "مسؤل"
        }
    },
    "balanceComponent": {
        "state": {
            "en": "State of an account",
            "ru": "Состояние счёта",
            "ar": "حالة الحساب"
        },
        "deposit": {
            "en": "Deposit",
            "ru": "Пополнить",
            "ar": "إيداع"
        },
        "claim": {
            "en": "Claim",
            "ru": "Клейм",
            "ar": "مطالبة"
        },
        "withdraw": {
            "en": "Withdraw",
            "ru": "Вывести",
            "ar": "انسحب"
        },
        "estimated": {
            "en": "Rewards for active stakes:",
            "ru": "Вознаграждения за активные стейки:",
            "ar": "المكافآت على الرهانات النشطة:"
        }
    },
    "transferComponent": {
        "title": {
            "en": "Submit tokens for payment:",
            "ru": "Предъявить токены к оплате:",
            "ar": "تقديم الرموز للدفع:"
        },
        "button": {
            "en": "Transfer",
            "ru": "Отправить",
            "ar": "تحويل"
        }
    },
    "operations": {
        "heading": {
            "en": "Operations history",
            "ru": "История операций",
            "ar": "تاريخ العمليات"
        },
        "types": {
            "deposit": {
                "en": "Deposit",
                "ru": "Пополнение",
                "ar": "إيداع"
            },
            "claim": {
                "en": "Claim",
                "ru": "Вывод",
                "ar": "مطالبة"
            }
        }
    },
    "stakingsTable": {
        "heading": {
            "en": "Stakings table:",
            "ru": "Таблица стейкингов:",
            "ar": "الجدول Stakings:"
        }
    },
    "userStakingsTable": {
        "heading": {
            "en": "Your active stakings:",
            "ru": "Ваши активные стейкинги:",
            "ar": "حصصك النشطة:"
        },
        "noStakes": {
            "en": "No stakes",
            "ru": "Стейков не найдено",
            "ar": "لا رهانات"
        }
    },
    "freeTokens": {
        "heading": {
            "en": "Your balance:",
            "ru": "Ваш баланс:",
            "ar": "رصيدك"
        }
    },
    "help": {
        "heading": {
            "en": "Help page",
            "ru": "Помощь",
            "ar": "صفحة المساعدة"
        },
        "body": {
            "p1": {
                "en": "Lorem ipsum dolor sit amet consectetur adipisicing elit. Dolore repudiandae eius dolores. Totam, esse adipisci tempora amet magni nesciunt omnis placeat obcaecati distinctio commodi aspernatur, fugiat temporibus. Recusandae, magni doloribus!",
                "ru": "Давно выяснено, что при оценке дизайна и композиции читаемый текст мешает сосредоточиться. Lorem Ipsum используют потому, что тот обеспечивает более или менее стандартное заполнение шаблона, а также реальное распределение букв и пробелов в абзацах, которое не получается при простой дубликации \"Здесь ваш текст.. Здесь ваш текст.. Здесь ваш текст..\"",
                "ar": "Lorem ipsum dolor sit amet consectetur adipisicing elit. Dolore repudiandae eius dolores. Totam, esse adipisci tempora amet magni nesciunt omnis placeat obcaecati distinctio commodi aspernatur, fugiat temporibus. Recusandae, magni doloribus!"
            },
            "p2": {
                "en": "Lorem ipsum dolor sit amet consectetur adipisicing elit. Dolore repudiandae eius dolores. Totam, esse adipisci tempora amet magni nesciunt omnis placeat obcaecati distinctio commodi aspernatur, fugiat temporibus. Recusandae, magni doloribus!",
                "ru": "Давно выяснено, что при оценке дизайна и композиции читаемый текст мешает сосредоточиться. Lorem Ipsum используют потому, что тот обеспечивает более или менее стандартное заполнение шаблона, а также реальное распределение букв и пробелов в абзацах, которое не получается при простой дубликации \"Здесь ваш текст.. Здесь ваш текст.. Здесь ваш текст..\"",
                "ar": "Lorem ipsum dolor sit amet consectetur adipisicing elit. Dolore repudiandae eius dolores. Totam, esse adipisci tempora amet magni nesciunt omnis placeat obcaecati distinctio commodi aspernatur, fugiat temporibus. Recusandae, magni doloribus!"
            }
        }
    }
}
